word,min_val,med_val,avg_val
te,8.497092419522326e-5,8.715991692627206e-5,0.00010979251630321914
aojecm,0.010655,0.011195,0.011927026199999998
gutenberg,9.539515279241307e-5,9.854373024236038e-5,0.0001231741335089568
eboo,0.0018212,0.0018942,0.0021327976499999996
yof,0.0013969000000000002,0.0014567,0.0016470331399999999
adventures,0.00010852903225806452,0.00011137043010752689,0.0001350334265591398
sherlock,9.233962264150943e-5,9.57856394129979e-5,0.00011977784381551364
polxs,0.0025024444444444443,0.002591222222222222,0.0030089787111111112
si,8.466839916839916e-5,8.663045738045738e-5,0.00011078082692307694
arthur,9.190775681341719e-5,9.422536687631027e-5,0.00011916758134171907
conn,0.0047365714285714285,0.004940428571428571,0.005468492471428572
doyle,8.990700104493208e-5,9.222466039707419e-5,0.00011572079634273771
in,8.47061266874351e-5,8.656178608515057e-5,0.00011009525109034269
our,8.629032258064517e-5,8.819979188345474e-5,0.00011262550489073881
aeries,0.003481875,0.00357775,0.00396598455
copyrgt,0.036005,0.0371,0.0383951353
laws,8.928496868475992e-5,9.139352818371607e-5,0.00011555312411273486
are,8.550935550935551e-5,8.756237006237007e-5,0.00011265123607068607
changng,0.006031399999999999,0.006154199999999999,0.006566747259999999
all,8.565384615384616e-5,8.754054054054054e-5,0.00011213470997921
over,9.028556485355647e-5,9.24994769874477e-5,0.00011920690847280336
world,8.981295715778474e-5,9.189811912225704e-5,0.00011706852716823409
re,8.474870197300103e-5,8.681827622014538e-5,0.0001117527991692627
to,8.576195426195425e-5,8.756237006237007e-5,0.00011201173638253636
check,9.02319749216301e-5,9.233437826541275e-5,0.00011822535621734586
qor,0.002086,0.002156777777777778,0.002426422188888889
youbr,0.0021773333333333336,0.0022638888888888886,0.0027132772888888886
countrfy,0.017428,0.0187865,0.018934003700000004
before,9.11652719665272e-5,9.345815899581589e-5,0.00011842219518828449
dwnoadingg,0.006796,0.0070065,0.007590775779999999
or,8.483281412253374e-5,8.698701973001039e-5,0.00011178683551401869
redistributing,0.00011448748639825898,0.00011763275299238302,0.00014381858248095758
ntis,0.00315625,0.003271375,0.0036136326999999992
any,8.509553478712357e-5,8.710747663551402e-5,0.00011281120238836968
other,9.063284518828452e-5,9.282426778242677e-5,0.00011839481820083681
jekler,0.027577,0.028647,0.030122809300000004
shoflg,0.03636,0.037884,0.039194215600000006
first,8.992685475444097e-5,9.210971786833857e-5,0.00011896645381400211
hng,0.002203,0.0022712222222222222,0.002560150833333333
seen,8.861482254697286e-5,9.152609603340293e-5,0.0001176930919624217
when,8.875052192066806e-5,9.085855949895616e-5,0.00011695715730688936
vkewing,0.0013897,0.0014487999999999999,0.0017203492799999999
cle,0.005017166666666667,0.005204666666666667,0.005736764100000001
pleare,0.009157,0.009539,0.010757812200000001
do,8.45259336099585e-5,8.658558091286307e-5,0.00011372098672199169
not,8.525883575883576e-5,8.727234927234927e-5,0.00011489596663201662
reovef,0.114412,0.11711099999999999,0.1211369803
it,8.451817237798547e-5,8.658047767393562e-5,0.00011337892305295952
change,9.17479079497908e-5,9.395815899581589e-5,0.00012146998765690378
ei,0.008387666666666667,0.008719,0.009836856633333332
ywthout,0.017256,0.0179085,0.0187863635
ritten,0.0055855,0.005686333333333333,0.006169811799999999
wermission,0.004429285714285715,0.004528285714285715,0.004905728985714286
rad,0.0064272,0.0066522,0.007483596680000001
legailb,0.05558,0.057488,0.059124955500000013
smll,0.002394777777777778,0.0024686666666666663,0.0027604326888888892
prinj,0.003242,0.003344375,0.003787535375
and,8.597505197505196e-5,8.804365904365905e-5,0.00011407043232848232
informatin,0.00707425,0.007216875,0.007729588075000001
about,9.053033472803346e-5,9.2961820083682e-5,0.00012063544874476989
ct,0.004911428571428572,0.005061428571428572,0.005748727085714285
abcttom,0.030922,0.0319675,0.03377534199999999
incluqed,0.004692857142857143,0.004804714285714285,0.005299854271428572
if,8.620872274143302e-5,8.836085150571132e-5,0.00011898235524402907
important,9.70021052631579e-5,9.956e-5,0.00012991321989473686
speciic,0.005474833333333333,0.005601666666666667,0.006218493083333334
rights,9.146806282722512e-5,9.411308900523561e-5,0.00012543880397905758
eetrnictions,0.031866,0.0328755,0.034765897399999995
how,8.538045738045739e-5,8.79968814968815e-5,0.00011944655124740126
may,8.604890738813735e-5,8.86149843912591e-5,0.00011834051779396461
udsd,0.023801,0.024905,0.026262106800000004
ou,0.00010587272727272728,0.00010823689839572192,0.00013796869529411767
can,8.575597092419523e-5,8.799584631360332e-5,0.00011841869106957424
also,8.957784743991642e-5,9.234900731452456e-5,0.00012230116551724139
itnd,0.004861285714285715,0.005017428571428572,0.005570287742857143
ut,8.449844236760124e-5,8.682969885773625e-5,0.00011620765576323989
eake,0.005067,0.005218916666666667,0.0058397848
donation,9.182617801047122e-5,9.585340314136126e-5,0.00012581226492146594
get,8.716300940438872e-5,8.968129571577848e-5,0.0001202431289446186
nvotlved,0.033426,0.0343465,0.0365300102
wellcome,0.00383,0.003932875,0.004437472099999999
free,8.953814002089864e-5,9.198902821316615e-5,0.00012319991097178685
pain,8.912695109261187e-5,9.165140478668054e-5,0.00012112489198751301
vanla,0.002983125,0.00308675,0.003660649025
electronic,9.695574288724975e-5,0.00010087144362486828,0.00013158530547945204
tets,0.004993833333333333,0.005152166666666667,0.005757355366666667
ebooks,9.24628272251309e-5,9.489842931937173e-5,0.00012444592586387436
readable,9.232565445026179e-5,9.597643979057592e-5,0.00012610862492146597
bt,0.004764285714285715,0.004919428571428572,0.005656290214285715
umns,0.046023,0.048624,0.05165369069999999
compurters,0.01743,0.018755,0.019504900099999996
sikce,0.0027273333333333333,0.002819,0.0033197501555555556
thseoe,0.041049,0.0431415,0.045250935299999996
iere,0.0067808,0.0071566,0.00802936368
preard,0.186075,0.1916795,0.2048463414
thusans,0.03007,0.033283,0.0377042713
volutrers,0.035655,0.0370065,0.039107874400000006
tle,0.0048681428571428565,0.005010714285714285,0.005670602128571429
athor,0.003827625,0.0039225,0.004450705862500001
release,9.393277310924369e-5,9.647373949579832e-5,0.00012714497941176473
daxe,0.0025155555555555556,0.0025956666666666667,0.003002958611111111
marq,0.0033275,0.0034549375,0.0039933321
most,8.89133611691023e-5,9.196189979123173e-5,0.0001222157850730689
recently,9.190680628272251e-5,9.580942408376962e-5,0.00012815715570680628
updayd,0.017255,0.01871,0.0202381279
dncovaember,0.016466,0.0171925,0.018910702499999998
edition,9.344758909853249e-5,9.610849056603774e-5,0.00012667154465408802
lafnguage,0.002937222222222222,0.0030255555555555556,0.003575966588888889
engih,0.044966,0.046588,0.0501225821
chactr,0.074298,0.0769625,0.0807983206
set,8.553063343717549e-5,8.785202492211838e-5,0.00011823325368639668
encoding,0.00010249044585987261,0.00010723779193205946,0.0001378202750530786
asci,0.003168,0.00332875,0.0037576496874999997
styrt,0.0025965555555555555,0.0026884444444444443,0.0032143332444444445
additional,9.920444915254237e-5,0.00010178813559322034,0.00013340422891949154
edoing,0.0022176666666666664,0.0022944444444444444,0.0026531851111111114
josex,0.0023164444444444443,0.002422777777777778,0.0029602403444444446
menendez,9.190890052356021e-5,9.591308900523561e-5,0.00012620693162303665
cntems,0.053844,0.056266,0.0589930659
scgndial,0.016688,0.017342,0.0186006718
bohemja,0.0017195,0.0017867999999999998,0.0020763555499999998
ii,8.553686396677051e-5,8.777881619937695e-5,0.00011885046438213914
red,8.562889812889813e-5,8.783783783783784e-5,0.00011857322068607067
hdted,0.0016576,0.0017324,0.00208987366
leagm,0.051752,0.05452,0.05805315889999999
iii,8.594282744282744e-5,8.828014553014553e-5,0.00011858516101871104
csfe,0.0034755,0.003583875,0.0040934215125
identity,9.196335078534031e-5,9.579947643979057e-5,0.00012727553340314136
iv,8.610706860706862e-5,8.832796257796258e-5,0.00011943156486486486
boscombe,9.273270440251572e-5,9.601205450733753e-5,0.00012729269874213838
vallejy,0.00761775,0.007811,0.008575000474999999
mystery,9.267819706498951e-5,9.564622641509434e-5,0.00012696308333333333
five,9.545283018867924e-5,9.807704402515723e-5,0.00012947714098532494
orfnge,0.001994,0.0020818888888888888,0.0026001177333333336
pips,8.88830897703549e-5,9.147442588726514e-5,0.00012267803945720249
vi,8.482242990654206e-5,8.716822429906541e-5,0.00011794328255451714
mn,0.005412333333333333,0.005572,0.006322216249999999
with,9.012852664576801e-5,9.678683385579937e-5,0.0001308012239289446
tisged,0.002527,0.0026158888888888885,0.003173708
lip,8.552702702702703e-5,8.805873180873182e-5,0.00011969803534303533
adventu,0.004590571428571428,0.004693857142857143,0.005202444257142858
blue,8.878705636743215e-5,9.14008350730689e-5,0.00012309937254697284
qcarbuncle,0.0028966666666666663,0.002974777777777778,0.0033536053999999992
viii,8.932045929018789e-5,9.203288100208769e-5,0.00012471190323590814
pmpeckld,0.030278,0.0314955,0.0335321423
bad,8.61092611862643e-5,8.852653485952134e-5,0.000119123903433923
ix,8.506230529595015e-5,8.726895119418484e-5,0.00011918603489096575
enginebr,0.00331775,0.003419125,0.003964576400000001
thub,0.0022185555555555556,0.002315444444444444,0.002661330622222222
noble,9.048171368861025e-5,9.293155694879831e-5,0.00012479522058516195
ahelr,0.074324,0.076603,0.0820955221
xi,8.52367601246106e-5,8.731827622014538e-5,0.00011780668764278297
beryl,9.031974921630094e-5,9.270114942528735e-5,0.00012380532570532913
coixet,0.049645,0.051574499999999995,0.054642486299999994
xii,8.602702702702703e-5,8.847141372141372e-5,0.00011900839334719337
coer,0.00728475,0.007644375,0.008450981175
beeches,9.330922431865828e-5,9.5791928721174e-5,0.00012756094287211738
sge,0.003899375,0.004001625,0.004521345150000001
aklways,0.0015796,0.0016497,0.00197958557
wovmn,0.002643222222222222,0.002756444444444444,0.0033294372555555556
hanve,0.004009714285714286,0.004159285714285714,0.004799861514285714
setldom,0.003036,0.003144625,0.0037299369000000004
herh,0.0046804285714285715,0.0048275714285714285,0.005631662571428571
him,8.644386694386695e-5,8.87941787941788e-5,0.00011980104760914761
mention,9.276310272536687e-5,9.552620545073376e-5,0.00012741456257861635
her,8.645010395010395e-5,8.881392931392931e-5,0.00012042399708939713
ude,0.005158,0.0053085833333333336,0.005943090766666667
hme,0.004173571428571428,0.0043087142857142855,0.004790239514285715
hisw,0.0025048888888888885,0.002586222222222222,0.003065450177777778
eyes,9.297701149425288e-5,9.579519331243469e-5,0.00012905327701149427
ecipos,0.045225,0.047605,0.050261944899999994
predomiates,0.0061922,0.0063599,0.00699271718
whole,8.96896551724138e-5,9.242894461859979e-5,0.0001242300318704284
seyx,0.0014594,0.0015492000000000001,0.0019055601100000001
ws,0.00367575,0.00381325,0.004426638425000001
th,8.508298755186722e-5,8.737448132780084e-5,0.0001193716882780083
he,8.478608515057112e-5,8.711889927310488e-5,0.00011860970758047767
celt,0.004061857142857142,0.004218142857142857,0.004817612785714285
emtiobn,0.059512,0.0623545,0.0652443225
ainh,0.0055715,0.005761833333333333,0.00646905725
love,8.913778705636742e-5,9.160229645093946e-5,0.0001230245798538622
ibne,0.088577,0.0913115,0.0977923828
yadler,0.0012775999999999998,0.0013365,0.0016200034299999999
eorgones,0.051503,0.052853,0.0558115121
ne,8.502910602910603e-5,8.822609147609148e-5,0.00012141693908523907
pcarticulry,0.067991,0.0735265,0.07747290230000001
abajrrevnt,0.014492,0.015126,0.016531168500000002
cold,9.360774058577405e-5,9.604916317991632e-5,0.0001287042371338912
preise,0.0074965,0.007668125,0.0085022154
but,8.602494802494803e-5,8.86512474012474e-5,0.00012265160914760913
admirasly,0.004774714285714285,0.004895142857142857,0.005392602014285715
oalpanced,0.031452,0.032692,0.0345449626
mikd,0.0024761111111111112,0.0025703333333333333,0.0030559332444444445
take,8.900730688935282e-5,9.143684759916492e-5,0.00012338223726513569
prct,0.037398,0.0387625,0.042843347000000004
reasng,0.169343,0.172623,0.180869479
oservng,0.076608,0.079205,0.08263840380000001
mlacine,0.062723,0.065059,0.06835274599999999
has,8.566735966735966e-5,8.789293139293139e-5,0.00011876726465696463
as,8.483073727933542e-5,8.712980269989616e-5,0.0001186856092419522
ver,8.538773388773388e-5,8.775155925155925e-5,0.00011876034719334719
ouqld,0.028779,0.029971499999999998,0.0319883829
xplacd,0.040443,0.042298,0.044454330900000005
hiqslf,0.016509,0.01718,0.018442271
false,9.096443514644351e-5,9.345972803347281e-5,0.00012512050993723848
posiin,0.034678,0.0367245,0.03935608510000001
nover,0.004159714285714286,0.004285142857142857,0.0048598747857142854
sspokep,0.017558,0.018259,0.019552437599999997
sjofter,0.0024856666666666664,0.0025743333333333334,0.0030353462555555554
talpsions,0.023702,0.024595,0.0261724945
ave,8.564968814968814e-5,8.80997920997921e-5,0.00011996871455301455
abe,8.69760665972945e-5,8.932414151925077e-5,0.00012205878397502601
ser,0.0066884,0.0069472,0.007776156979999999
hey,8.595841995841995e-5,8.827650727650728e-5,0.00011986077962577962
admirbae,0.055317,0.0566595,0.059412709999999994
thingn,0.004322571428571428,0.004423714285714285,0.004938847328571428
obaerver,0.004519,0.004640714285714285,0.005308692442857144
ezcvielltnt,0.01126,0.011757,0.0125761863
rawijg,0.033244,0.0342885,0.036690143599999996
veigl,0.0023564444444444444,0.0024835555555555557,0.003064181655555555
frsm,0.0024645555555555558,0.0025581111111111113,0.0030109519
men,8.574039460020768e-5,8.834683281412254e-5,0.00012012162502596054
qoives,0.042846,0.0442165,0.04714788599999999
cions,0.0024713333333333336,0.00254,0.002888385255555555
trained,9.29748427672956e-5,9.555083857442349e-5,0.000127411378197065
asvoner,0.038293,0.040447,0.043384733599999996
admit,8.999164926931107e-5,9.242901878914406e-5,0.0001249014652400835
ch,8.532294911734164e-5,8.753582554517133e-5,0.00011926459937694707
intrusions,9.979343220338983e-5,0.00010239883474576271,0.0001356046656779661
ito,0.004756,0.004889642857142856,0.0054382860000000005
olwn,0.00347125,0.0035805,0.0041185164625
delcatee,0.064652,0.06601,0.06874061159999999
fne,0.00381425,0.003943125,0.0044826263625000005
fjusxed,0.009862,0.010365,0.0112949442
tepmperamet,0.016062,0.016757,0.017938980800000007
vitroduce,0.042775,0.04409,0.0467202281
dsntracting,0.058091,0.0596575,0.0630590076
factor,9.266666666666666e-5,9.650524109014676e-5,0.00013468189014675055
wihicth,0.021512,0.0222535,0.0236926129
might,8.995193312434692e-5,9.247335423197492e-5,0.00012405075047021942
throw,9.00501567398119e-5,9.305172413793103e-5,0.00012562225141065833
doubt,9.09989539748954e-5,9.419717573221758e-5,0.0001265639428870293
pot,8.682016632016632e-5,8.94064449064449e-5,0.00012123604303534303
mentl,0.004412285714285715,0.0045405714285714285,0.0053244576000000005
requls,0.04587,0.0481375,0.0506939528
grit,0.00011850656455142231,0.00012227407002188184,0.00015498843107221005
ensiiuw,0.046984,0.0491855,0.05139166100000001
nstrumnn,0.084799,0.086874,0.090745415
crack,9.067782426778243e-5,9.327039748953974e-5,0.00012498019089958158
hsgh,0.002479222222222222,0.002553,0.002857703766666667
powe,0.00366225,0.003806375,0.004421371425
clnses,0.0048637142857142854,0.004991857142857143,0.0056507698
more,8.890396659707724e-5,9.143110647181628e-5,0.00012308564540709815
vdisjturbing,0.024659,0.0255705,0.027323194000000002
ezhan,0.031845,0.033005,0.035221163099999994
stqngz,0.016616,0.017268,0.018452183
notre,9.065553235908142e-5,9.31482254697286e-5,0.00012504090981210858
yet,8.577962577962577e-5,8.809147609147609e-5,0.00011994477785862785
tee,0.004992833333333333,0.005159166666666667,0.005871787966666666
late,8.859479166666667e-5,9.133854166666666e-5,0.00012348824552083334
bubiofs,0.021845,0.0226,0.024091096700000002
questionale,0.0028143333333333336,0.0029043333333333334,0.003301571411111111
memtry,0.002506222222222222,0.0025998333333333333,0.003188907333333333
hd,0.003979857142857143,0.004119857142857143,0.0048301193142857145
ittle,0.003570125,0.0036675,0.00413968255
laiey,0.0021872222222222223,0.002310222222222222,0.002914354833333333
my,8.524195223260644e-5,8.76048805815161e-5,0.00011964998857736239
mjrriajzbe,0.01291,0.013443,0.014376845700000002
rifted,0.0042671428571428565,0.004368571428571428,0.004932733214285714
aaway,0.0010982000000000001,0.0011658,0.00144274293
ach,0.00388175,0.003999,0.0045960102875
vcympnlee,0.012229,0.012654,0.013481847199999999
happiness,9.598414376321353e-5,9.934936575052854e-5,0.0001312564160676533
home,8.97951933124347e-5,9.231243469174504e-5,0.0001240785644723093
enteredr,0.017918,0.0193895,0.0199798634
interests,9.626e-5,9.902789473684211e-5,0.00013174709105263156
rise,8.945198329853862e-5,9.218058455114822e-5,0.00012469523016701462
uap,0.003162,0.003311375,0.003911881874999999
qroun,0.053536,0.055065,0.0589126658
whoc,0.00350775,0.003615125,0.004237480975
findtf,0.055771,0.0579155,0.060985673299999994
maer,0.005616166666666667,0.005862333333333333,0.006492913183333333
yeatabshment,0.0138,0.014379,0.015399059599999999
sufficient,9.821224920802534e-5,0.00010122808870116157,0.00013404542333685324
absorb,0.00010366489361702128,0.00010689095744680851,0.00013913889106382976
etteantion,0.044222,0.045366,0.0478097653
whle,0.0022724444444444446,0.002347,0.0026989603222222227
loatzhegd,0.022484,0.023199,0.024457105000000003
every,9.341213389121339e-5,9.666945606694561e-5,0.000130124054916318
om,8.511007268951194e-5,8.783229491173418e-5,0.00012124811900311525
sokcity,0.027783,0.028727,0.030289940599999995
bohetmin,0.026761,0.027524,0.029164268900000002
souml,0.002375777777777778,0.0024717222222222224,0.0030490207666666667
remineu,0.116286,0.119157,0.12349441589999999
rogings,0.084485,0.0868465,0.0908485726
aer,0.012608,0.013328,0.015091021999999997
trt,0.0038265,0.0041359375,0.004780464937499999
urild,0.065117,0.067578,0.07271005800000001
ang,0.00763675,0.00798225,0.009289451924999999
old,8.566355140186916e-5,8.889927310488058e-5,0.00012416234423676012
books,9.012121212121213e-5,9.405015673981191e-5,0.00012981120449320795
aplternatinp,0.035075,0.036078,0.0379780522
wek,0.0026428888888888886,0.0027435555555555555,0.0032882293222222217
ketween,0.0015336,0.0015937,0.0018966869500000002
cocainre,0.0026026666666666663,0.0026863333333333335,0.0030518790888888893
ambition,9.365199161425577e-5,9.6854821802935e-5,0.00012974246582809226
drowsiness,0.00010015995762711865,0.00010280720338983051,0.00013684398167372884
dug,8.615384615384615e-5,8.872661122661123e-5,0.00012195248700623701
fmieae,0.050441,0.052546,0.055249285399999994
eergy,0.0024031111111111115,0.0025033333333333335,0.003108896311111111
een,0.005758833333333333,0.00595925,0.006761039149999999
silr,0.003872,0.0040073125000000005,0.0046837457875
ever,8.91294363256785e-5,9.235647181628391e-5,0.00012946214968684758
deeply,9.207853403141361e-5,9.492146596858638e-5,0.00013047792691099475
axtrahtqed,0.059314,0.061146,0.06454188699999999
study,9.136192468619247e-5,9.404916317991632e-5,0.00012873914717573222
crime,8.994984326018809e-5,9.269801462904911e-5,0.00012677045506792058
ocijpied,0.008054666666666667,0.008302,0.009199021966666667
iwmenfe,0.034602,0.0365035,0.0385463275
ftcults,0.016058,0.016724,0.017802912400000002
exttnordinaac,0.0059366,0.006186,0.00696167218
powers,9.517277486910995e-5,9.82544502617801e-5,0.00013179156230366492
sprvation,0.060726,0.063321,0.0668529584
following,9.590421052631579e-5,9.900578947368421e-5,0.00013362676505263157
mose,0.005341666666666667,0.0055646666666666665,0.006313241466666667
clue,8.902400835073068e-5,9.197912317327766e-5,0.00012509181847599168
cjaring,0.00783025,0.008013,0.008805062025000001
ystewies,0.037369,0.038453,0.040925349599999994
lzeen,0.041946,0.0446295,0.0502033463
abandoned,9.838266384778013e-5,0.00010402008456659618,0.00014039500359408033
hales,0.006130399999999999,0.0062856000000000006,0.006981247959999999
ofmiciaz,0.023198,0.024012,0.025607436199999997
police,9.25847280334728e-5,9.518723849372386e-5,0.00012960412730125525
tcim,0.003259,0.0033858125,0.003921805075
come,9.04503657262278e-5,9.31337513061651e-5,0.00012701271577847438
vagje,0.001958555555555556,0.002066,0.0027076662444444444
acocn,0.0024553333333333337,0.002564222222222222,0.0031607275333333336
doitgs,0.0025256666666666665,0.0026228888888888886,0.0032312196111111114
aumqmoxs,0.008993,0.009407,0.0101755574
dessa,0.003964142857142857,0.004107142857142857,0.004716068885714285
trepoff,0.00013348354143019297,0.00013651872871736664,0.00017155044948921684
mxumrper,0.009409,0.0098,0.010621360699999999
singular,9.195702306079664e-5,9.620125786163523e-5,0.00013067275566037737
tragedpyk,0.07296,0.0750395,0.0787990896
tkinson,0.005204166666666667,0.005346,0.00618104515
xbrphers,0.0074185,0.0076195,0.008563626349999999
txincoale,0.027206,0.0282205,0.0307234008
fqnally,0.0013873,0.0014584,0.00184141683
mission,9.383823529411765e-5,9.706670168067226e-5,0.00013106742731092437
jcomplished,0.056983,0.0592805,0.0635473648
sow,8.638669438669438e-5,8.931652806652807e-5,0.00012582777577962577
dctely,0.039781,0.041957,0.04477096829999999
sucycessfully,0.0027004444444444446,0.0028051111111111115,0.0034041187
reigning,9.240549102428722e-5,9.685691657866947e-5,0.00013213422048574444
faifl,0.0028795555555555558,0.0029772222222222222,0.003586312133333334
honlad,0.034017,0.0353835,0.037690895999999995
beyond,9.313417190775681e-5,9.584958071278825e-5,0.00013005454758909852
signh,0.003706,0.004064125,0.004831889137499999
lctivity,0.002104777777777778,0.002175,0.002478878211111111
hoer,0.0067664,0.007071399999999999,0.007739573720000001
merely,9.301989528795812e-5,9.597958115183246e-5,0.00013117947141361256
swarcd,0.068552,0.070267,0.0749915498
readersj,0.005979600000000001,0.0061359,0.006703425899999999
daily,8.951306165099268e-5,9.269592476489028e-5,0.0001272618685475444
pvqess,0.027293,0.028833,0.030653663099999996
xknw,0.005614833333333333,0.005768,0.006472797916666667
former,9.15476439790576e-5,9.467277486910995e-5,0.00012924954586387435
fieni,0.00377175,0.00387975,0.004565984425
cjompanion,0.017533,0.018922,0.020188507799999998
night,9.125759162303665e-5,9.376230366492146e-5,0.00012765712502617798
twneth,0.039052,0.040394,0.0428795068
returnig,0.006593600000000001,0.006758,0.007389933279999999
joaurnhey,0.021202,0.021897,0.023318188500000003
patient,9.324213836477988e-5,9.602568134171908e-5,0.00013051873375262053
gow,0.0038815,0.00400125,0.004690630225000001
returned,9.232251308900524e-5,9.64434554973822e-5,0.00013128665623036645
iil,0.0027236666666666663,0.0028326666666666665,0.0034207208666666667
pqratice,0.059115,0.060359499999999996,0.0636540618
way,8.657692307692308e-5,8.919646569646569e-5,0.00012362616923076923
ed,8.54226375908619e-5,8.813239875389407e-5,0.00012186819480789202
trough,0.00010290127388535032,0.00010624203821656052,0.00014091381634819534
passed,9.25482180293501e-5,9.539046121593292e-5,0.0001304569788259958
wll,0.002092555555555556,0.002171,0.0025474311
zrembere,0.022064,0.022871,0.024262911600000003
cdoom,0.0011803,0.0012473,0.0015564398700000002
must,0.0001083637339055794,0.00011333154506437768,0.0001506676321888412
associated,9.972351694915255e-5,0.0001025593220338983,0.0001398206164194915
woonl,0.002082777777777778,0.0021908333333333333,0.0027709059555555554
da,8.655625e-5,9.265572916666666e-5,0.0001324316778125
miycidents,0.014642,0.0152835,0.016829486
scarfelt,0.062461,0.06447,0.0697571876
seizedh,0.002257777777777778,0.002355,0.002851053377777778
djsie,0.04296,0.046045,0.04939534599999999
se,8.52367601246106e-5,8.956282450674975e-5,0.0001285478681204569
again,9.015569487983281e-5,9.411285266457681e-5,0.00013172492058516198
know,8.928108672936258e-5,9.243782654127482e-5,0.00012806583751306163
eplhlying,0.024376,0.025194,0.027148983900000003
rkoos,0.034737,0.03719,0.039740162700000005
brilliantly,9.987711864406779e-5,0.0001030301906779661,0.00014050282637711865
lit,8.55935550935551e-5,8.827858627858628e-5,0.00012256637245322243
eve,8.680353430353431e-5,8.943711018711019e-5,0.00012399862276507277
ood,0.003809125,0.003925375,0.004480979762499999
saw,8.723804573804574e-5,8.982848232848232e-5,0.00012410454043659046
tall,8.907515657620041e-5,9.185490605427976e-5,0.00012664253350730688
spae,0.0062981999999999995,0.0066036,0.00723951432
figurj,0.0017293,0.0018072000000000001,0.00215145748
pas,8.667047817047817e-5,8.944178794178793e-5,0.00012465199417879418
twice,9.025391849529781e-5,9.340229885057471e-5,0.00012871327199582026
silgouette,0.002508222222222222,0.002710055555555556,0.0033858025
goains,0.004535571428571429,0.004652785714285714,0.005332399085714286
bind,9.011703239289446e-5,9.317398119122256e-5,0.00012958320052246602
acypng,0.0108,0.011295,0.012348015
room,8.881732776617954e-5,9.168371607515658e-5,0.00012627273058455116
swiyky,0.013999,0.014579,0.015656869500000004
eerly,0.0012197,0.0012835,0.0015867007700000003
had,8.555197505197505e-5,8.830405405405405e-5,0.00012314436995841996
sunk,8.935527690700105e-5,9.205694879832811e-5,0.00012741021065830723
cdest,0.0026416666666666667,0.0027274444444444442,0.0032288728444444443
hands,9.031799163179916e-5,9.318514644351465e-5,0.0001280626140167364
clasped,0.000105,0.00010785965848452508,0.00014362160586979723
behnd,0.0024283333333333336,0.0025296666666666666,0.0031594908222222226
mod,0.004269285714285715,0.004425071428571428,0.005207004828571428
habi,0.0018368,0.0019283,0.00225198956
attityade,0.052663,0.053583,0.0556271017
mlannedr,0.039097,0.040106,0.0423939276
thein,0.004678142857142857,0.004820142857142857,0.005553355685714285
story,9.076464435146444e-5,9.368305439330544e-5,0.00012937213640167364
lworke,0.025367,0.026909,0.028774792000000004
qisenn,0.038251,0.0403625,0.0425740583
coretedu,0.146765,0.1503425,0.15616136660000002
drjzma,0.0052576666666666666,0.005420916666666666,0.006272978816666668
hot,8.615488565488565e-5,8.873908523908525e-5,0.0001236913811850312
cent,8.90678496868476e-5,9.184133611691023e-5,0.00012692599968684758
ew,0.0062223999999999995,0.0064698,0.0074846798199999995
problem,9.287631027253669e-5,9.594287211740042e-5,0.0001314427467505241
arasng,0.106087,0.1082635,0.11411153219999999
bl,0.0001341462857142857,0.0001375777142857143,0.00017526961622857146
showvn,0.004498857142857143,0.004637,0.005501117728571428
hamber,0.003614375,0.0037205,0.0042897783875
formely,0.011927,0.013262,0.013655936600000002
agt,0.008186,0.008486333333333334,0.009727201066666667
efsisea,0.050042,0.052438,0.0550371666
gld,0.0021845555555555555,0.0022662777777777776,0.002677467955555555
ink,9.803695881731785e-5,0.0001008078141499472,0.0001367618070749736
hrdby,0.01191,0.012616,0.0142265645
wodrd,0.0028664444444444445,0.002981722222222222,0.0036346747333333325
spoken,9.149947643979057e-5,9.450732984293193e-5,0.00013034151162303665
kikdfy,0.005721333333333333,0.005873833333333333,0.0066960229
ye,8.49844398340249e-5,8.791078838174273e-5,0.0001225833674273859
wave,8.920981210855951e-5,9.197807933194155e-5,0.0001272961213987474
an,8.534683281412253e-5,8.797715472481827e-5,0.00012302715264797507
rmchair,0.004303857142857143,0.004426428571428572,0.005166405657142857
thew,0.003593625,0.00372725,0.004402207925
acrcss,0.003700875,0.00384375,0.0045674424
cars,8.941065830721003e-5,9.231974921630095e-5,0.00012787636206896554
mndicaoed,0.047496,0.048722,0.0513298507
crit,0.0064914,0.0067554,0.0075911057
gasogene,9.221593291404611e-5,9.64958071278826e-5,0.0001322958635220126
orne,0.00774575,0.0080445,0.00893514815
then,8.890918580375782e-5,9.246972860125261e-5,0.00012818928392484342
stood,8.962839248434238e-5,9.282985386221295e-5,0.00012868036294363255
fire,8.936781609195402e-5,9.21264367816092e-5,0.00012775416029258096
irosectve,0.059968,0.0620855,0.06501090390000001
fsiin,0.053166,0.054545,0.05780504370000001
wwdloc,0.006374,0.0065638,0.0071632679
sitt,0.003645375,0.003790875,0.004378246525
rqmrkedo,0.004256571428571428,0.004392357142857143,0.005185644114285713
wtsn,0.0013545999999999999,0.0014297000000000001,0.0017534930000000003
seoven,0.007011,0.00720075,0.008212094575
hf,0.003322125,0.0034443125,0.0041081647249999985
pouhnds,0.002865222222222222,0.0029724444444444442,0.0036261534111111117
angwerd,0.065925,0.0682495,0.0714212161
tsneed,0.051963,0.0535005,0.05658626959999999
thought,9.371247357293869e-5,9.648255813953489e-5,0.00013131124006342495
ckjust,0.017771,0.018679,0.0204340453
trilx,0.049745,0.0511965,0.054980492900000004
fkancy,0.003133,0.003271375,0.0038122623125000006
obrve,0.095825,0.098205,0.10380327189999998
dnd,0.00331025,0.003435125,0.004019034825
tl,0.006107,0.006354,0.00742283036
intended,9.239476439790575e-5,9.659947643979056e-5,0.0001327471030366492
gw,0.002750222222222222,0.0028702222222222224,0.0034481808999999998
harnes,0.006425,0.0066102,0.00724425444
dduce,0.001915,0.0019961,0.00243830159
getxin,0.029842,0.031231000000000002,0.033605478900000006
yurself,0.004677857142857143,0.004800857142857143,0.005687683214285714
ery,0.004471857142857143,0.0046138571428571435,0.005283025714285713
wet,8.681477627471383e-5,8.947346514047867e-5,0.00012476284266389176
cluumsy,0.003363,0.0034589375,0.00401373065
faralesi,0.057133,0.058322,0.06071270199999999
servaqt,0.004682428571428572,0.0047961428571428565,0.005356338285714285
irl,0.0025145555555555555,0.0026212222222222223,0.003053454933333333
dear,9.000732217573221e-5,9.298378661087866e-5,0.00013023973326359832
saxdq,0.010246,0.011025,0.012533428499999999
too,8.5993762993763e-5,8.875987525987526e-5,0.00012503322089397087
mchg,0.010737,0.0113195,0.012911460399999998
certainly,9.627167019027485e-5,9.933192389006343e-5,0.00013543376828752641
burned,9.287945492662474e-5,9.581761006289309e-5,0.0001322857249475891
liea,0.0061306,0.006392,0.00742703654
fewt,0.0025026666666666665,0.002594777777777778,0.0030947684444444447
penntduris,0.0364,0.0377185,0.0400760251
fgo,0.0030385,0.003158875,0.0037371170750000004
true,8.97042842215256e-5,9.292685475444097e-5,0.00012981365130616514
walk,8.968652037617555e-5,9.267659352142112e-5,0.00012956933772204806
thursday,9.264989517819707e-5,9.646593291404612e-5,0.00013220681698113208
came,8.96482254697286e-5,9.256941544885178e-5,0.0001290516786012526
dreadul,0.0058795,0.006083166666666667,0.006838768899999999
esbs,0.03428,0.036563,0.039274661700000005
chagd,0.042356,0.0450155,0.0486138382
clthe,0.003945428571428572,0.004081714285714286,0.004851094685714285
imagine,9.398527865404838e-5,9.701419558359621e-5,0.00013372586361724498
mary,8.978265412748172e-5,9.278213166144201e-5,0.0001287485156739812
jane,8.928079331941545e-5,9.219050104384134e-5,0.0001285433472860125
innorigile,0.052386,0.0535985,0.0560052207
wif,0.002002888888888889,0.0020893333333333337,0.002585458011111111
gven,0.003368,0.00350225,0.0041189536875
notice,9.179581151832461e-5,9.470994764397907e-5,0.00013200101811518326
chucd,0.002944777777777778,0.003058222222222222,0.0037560792333333325
rubbed,9.177696335078534e-5,9.478848167539267e-5,0.00013113274858638744
long,9.039498432601882e-5,9.340909090909091e-5,0.00012982896509926856
nervos,0.003054,0.003146625,0.003709719737500001
otjer,0.0023807777777777777,0.002482222222222222,0.0031387297222222224
simlicity,0.008329666666666666,0.008555666666666666,0.009606544033333332
iislfr,0.011199,0.011752,0.012720301100000001
inside,9.167364016736401e-5,9.457269874476988e-5,0.0001318553730125523
leb,0.00411,0.004256571428571428,0.0049338057428571416
so,8.544963655244029e-5,8.831360332294911e-5,0.00012474434257528556
dwher,0.003159375,0.003269,0.0039301664625
fireslght,0.071711,0.073526,0.07673439409999999
strkhs,0.042022,0.043398,0.046237922300000005
eather,0.008610333333333334,0.008795333333333334,0.009821066366666669
sored,0.0062962,0.0064762,0.007321870039999999
six,8.554781704781704e-5,8.843866943866944e-5,0.00012557783326403325
almost,9.333647798742139e-5,9.628878406708595e-5,0.00013377636635220124
paalll,0.037914,0.039203,0.0416919398
cuts,8.939352818371607e-5,9.218893528183716e-5,0.00012894097296450938
obviously,9.633825079030558e-5,9.940200210748156e-5,0.00013791179641728135
qausdd,0.01725,0.017879,0.019319424199999997
oxneone,0.032434,0.034628,0.036456986600000005
arelessly,0.010471,0.010943,0.0119779143
scraped,9.30587002096436e-5,9.604088050314466e-5,0.00013472515922431863
roun,0.004449,0.004685,0.005309419685714285
dges,0.004153571428571428,0.0043205,0.004901928599999999
sole,8.951774530271398e-5,9.326826722338204e-5,0.0001306362947807933
orger,0.003615125,0.003719625,0.0043085722
creusted,0.005527833333333333,0.005682833333333333,0.006131866066666665
mudi,0.0018077,0.0018993,0.00235828929
hence,9.094246861924687e-5,9.404707112970711e-5,0.00013249329654811714
adoblje,0.033569,0.0352455,0.03705231130000001
deduction,0.00010700963597430408,0.00011101927194860814,0.0001489418362955032
vse,0.004453285714285714,0.004599499999999999,0.005310392828571427
wether,0.003617875,0.00372275,0.004316390387500001
magnhnat,0.031397,0.032485,0.0352892565
hbot,0.0064346,0.0066292,0.00743025868
plittijkg,0.04387,0.0450835,0.0481804334
spoecme,0.084929,0.087998,0.0920789364
london,9.161989528795811e-5,9.488167539267015e-5,0.00013235373863874344
slfey,0.029439,0.030552,0.0330467701
ief,0.0048751428571428565,0.005016714285714285,0.005752841857142858
eneman,0.0025247777777777777,0.0026243333333333336,0.003051409366666667
esmellzng,0.051958,0.0534525,0.05608009340000001
ioforc,0.030571,0.0318955,0.034143939899999996
black,9.033646812957158e-5,9.34373040752351e-5,0.000131241697492163
ak,8.495534787123571e-5,8.770197300103843e-5,0.00012453492191069574
nitrate,9.416386554621849e-5,9.716596638655461e-5,0.00013456546995798318
silsver,0.002498111111111111,0.002719888888888889,0.0035720714
righ,0.00297975,0.003109,0.0035970210125000003
foefifgr,0.031718,0.032669,0.034402414699999995
blge,0.0023587777777777778,0.0024542222222222222,0.0029039279444444447
siydez,0.036478,0.037948499999999996,0.0403133449
top,8.584199584199584e-5,8.876403326403326e-5,0.0001258212
chat,9.05470711297071e-5,9.34952928870293e-5,0.00013152307154811718
show,8.883507306889352e-5,9.194780793319416e-5,0.0001296515909185804
ecretd,0.144251,0.147187,0.1547560664
stethoscope,0.00010032978723404256,0.00010373404255319149,0.000141642405
dull,8.926645768025078e-5,9.263740856844305e-5,0.00013037785757575757
proounce,0.013461,0.014705,0.0161576264
acivb,0.020996,0.021965,0.024078289699999998
mepmber,0.0023317777777777777,0.0024466666666666664,0.0031361799666666666
vepcal,0.020123,0.020909,0.023075580000000002
profession,9.866067653276955e-5,0.00010214904862579282,0.00014130810983086682
could,9.010020876826722e-5,9.332202505219208e-5,0.00013091664874739038
besp,0.002023111111111111,0.0021280555555555558,0.0024888927333333337
lalughing,0.00299475,0.003123375,0.0038656125875
eyyse,0.020873,0.021851,0.0236001797
emxplained,0.0063441999999999995,0.006514600000000001,0.00735026382
process,9.326205450733753e-5,9.654559748427673e-5,0.00013444846656184486
hear,9.013075313807532e-5,9.332112970711298e-5,0.00013192995564853557
ive,0.004851714285714286,0.005018214285714286,0.005775525628571429
ueass,0.069317,0.071309,0.0768283187
apears,0.004839571428571428,0.004964,0.005694028871428571
ridiculously,0.00010141295116772824,0.00010489065817409767,0.00014219447409766456
snigmle,0.027319,0.028215,0.029839820799999996
esivly,0.039887,0.041585,0.0443508883
yseylf,0.01765,0.018277,0.019396794699999997
athough,0.0040851428571428575,0.004199714285714285,0.004783032285714286
sccwssive,0.0063704,0.0065926000000000005,0.007470577020000001
nstance,0.00935,0.009601,0.010418428899999999
bafmlled,0.016712,0.017308,0.0185713389
untl,0.002878777777777778,0.0030243333333333333,0.0033595552666666664
explain,9.31215932914046e-5,9.622589098532496e-5,0.0001347302852201258
beleve,0.0046747142857142855,0.004828357142857143,0.005765438071428571
good,9.30773249738767e-5,9.609561128526646e-5,0.00013463144869383487
your,9.073590814196243e-5,9.36758872651357e-5,0.00013128506680584552
que,8.587837837837837e-5,8.895114345114346e-5,0.00012735834355509355
lightig,0.010924,0.012233,0.0128083148
cgarete,0.13142,0.134306,0.14079065189999998
hrowwing,0.019926,0.0206405,0.022833139800000003
dowu,0.003951375,0.00407825,0.004712124
distinttion,0.014249,0.01559,0.0160268604
clear,9.013479623824452e-5,9.319540229885058e-5,0.00013139457836990596
emple,0.002774,0.0028580555555555555,0.0032794692222222225
feqetly,0.023062,0.0247505,0.025925156199999997
stps,0.0027868888888888887,0.0029044444444444443,0.0032471229
xeaq,0.018791,0.019737,0.0227365696
hall,8.899895615866389e-5,9.226096033402922e-5,0.00013049745219206678
often,9.15958115183246e-5,9.692094240837696e-5,0.00013435649863874347
hundrqeds,0.0078335,0.0080665,0.0089880009
times,9.022988505747126e-5,9.331347962382445e-5,0.00013141609278996866
qaly,0.041148,0.042383,0.0469558303
don,8.602818371607516e-5,8.934185803757828e-5,0.00012824390407098122
oblsere,0.081735,0.0837085,0.0883363621
poib,0.025967,0.027005,0.0305826221
seveneene,0.066138,0.0678905,0.0712802234
pecase,0.115775,0.1184175,0.125238655
interested,9.922198731501057e-5,0.00010276585623678647,0.00014120969344608877
wobms,0.0018929,0.0019892,0.0025909684
ckougd,0.027395,0.029698,0.033407864300000006
chronicle,9.70895679662803e-5,0.00010056375131717597,0.0001410138583772392
two,8.57047817047817e-5,8.877286902286903e-5,0.0001272096550935551
rifnling,0.057577,0.0597095,0.06284539300000001
experencef,0.087005,0.09027,0.09418559709999999
shet,0.0045151428571428565,0.004734142857142857,0.005475200357142857
thick,9.061755485893417e-5,9.399686520376176e-5,0.0001333718028213166
pink,8.931106471816283e-5,9.262160751565763e-5,0.00013285591638830901
tinted,0.00011311783783783784,0.00011704216216216215,0.00015676093556756757
noitepaper,0.003143875,0.00325575,0.0039543339875
lyng,0.0018551,0.0019385499999999998,0.0023865034200000004
opn,0.004618714285714285,0.004777857142857143,0.005379881042857143
tbled,0.0022337777777777777,0.0023246111111111115,0.0027522635111111114
last,8.970741901776385e-5,9.286886102403344e-5,0.00013149456907001045
ot,0.008991,0.009735,0.011490753
aloud,0.00010150955414012739,0.00010464065817409766,0.00014311199925690023
xnotte,0.014245,0.014903,0.0158970285
undzate,0.027725,0.02883,0.0304482462
either,9.190670859538783e-5,9.522798742138365e-5,0.00013425775880503146
saigatue,0.042511,0.043599,0.0452599459
wress,0.0018720999999999998,0.0019515,0.0024023531399999997
will,9.029676071055381e-5,9.335057471264368e-5,0.00013249622204806688
call,8.878288100208768e-5,9.227974947807935e-5,0.0001316717570981211
quarter,9.32405462184874e-5,9.647846638655463e-5,0.00013496109044117645
eight,8.989655172413794e-5,9.320689655172414e-5,0.0001332379896551724
clock,9.043782654127481e-5,9.361024033437826e-5,0.00013305817095088818
desires,9.395378151260505e-5,9.699894957983193e-5,0.00013536668539915965
consl,0.004599285714285715,0.0047771428571428565,0.0057807903
macttr,0.040449,0.0420545,0.0447111197
deeupest,0.002672111111111111,0.0027639444444444443,0.0033051039555555563
momnt,0.0029198888888888885,0.0030346666666666664,0.0037508607777777775
recent,9.23675392670157e-5,9.577329842931938e-5,0.0001369989212565445
cevice,0.0018797,0.00195455,0.00232451091
yyal,0.019172,0.0199975,0.0226583754
hpoufjs,0.018215,0.0189475,0.020208157600000002
euroe,0.003498125,0.00362525,0.0043687103875000004
safely,9.68145416227608e-5,0.00010047629083245521,0.0001408902644889357
tkrushted,0.025993,0.026936500000000002,0.028454772799999997
mtttxs,0.004553142857142857,0.004679857142857143,0.005305972242857143
importace,0.009858,0.0111675,0.011683885
exaggeratbd,0.0015670999999999999,0.0016559,0.00211072147
we,8.47092419522326e-5,8.782658359293874e-5,0.0001266766753894081
quartes,0.005304833333333333,0.005446333333333333,0.006202884083333333
receiyd,0.133683,0.13661250000000003,0.1435540056
aur,0.005566,0.0057585,0.006471207233333334
zmiss,0.0019083,0.001984,0.0024591263099999995
viositgr,0.034934,0.035954,0.0377739812
wear,8.94020942408377e-5,9.297434554973822e-5,0.00013268986345549739
masik,0.0023443333333333337,0.0024601111111111113,0.0031612147666666666
what,9.05569487983281e-5,9.383908045977012e-5,0.00013339941379310343
means,9.0331589958159e-5,9.347541841004184e-5,0.0001332757309623431
no,8.461642411642411e-5,8.806808731808732e-5,0.00012661407390852393
aa,0.0071105,0.007416875,0.008906148650000001
capital,9.30483193277311e-5,9.639863445378151e-5,0.00013465349884453782
moisoake,0.04596,0.049901,0.0537164365
theoxise,0.003654125,0.003791625,0.004544493225
insensibly,0.00010979117330462863,0.00011350161463939721,0.00015372023692142086
begnsj,0.037844,0.039075,0.0412651434
twst,0.0022201111111111115,0.0023106666666666666,0.002736956333333333
facte,0.004618,0.004744,0.005485109342857142
uiu,0.036688,0.0382,0.0448365697
theories,9.290880503144655e-5,9.87206498951782e-5,0.0001394714431865828
yinstewad,0.066309,0.0679255,0.07112658029999999
carfult,0.049447,0.051616,0.05364451790000001
exlaqmined,0.021626,0.022436,0.0237881132
writig,0.0043185714285714286,0.004443285714285715,0.004999821357142857
paper,9.150630252100841e-5,9.459296218487396e-5,0.00013233623718487394
wroto,0.0019703,0.0020534,0.00252316491
pesuhably,0.029679,0.030703,0.0322906881
edeavouring,0.0036545,0.0037935,0.0045469481125
imitare,0.0029253333333333336,0.0030284444444444443,0.0034776117111111103
psocsse,0.035913,0.037693500000000005,0.0398508244
bough,0.00010102757158006363,0.0001043711558854719,0.00014273301845174976
row,8.59105098855359e-5,8.917377731529656e-5,0.00012824210707596253
wawket,0.031964,0.03299,0.03460163449999999
pcueiarly,0.038167,0.039023,0.04074125409999999
iff,0.0021175555555555557,0.0022,0.002623992222222222
ecular,0.002242,0.0023264444444444443,0.0027516165888888883
hovldi,0.02193,0.0231405,0.0245104393
light,9.022152560083594e-5,9.345768025078369e-5,0.00013307594639498432
large,9.096125654450261e-5,9.435392670157069e-5,0.00013426895256544503
woven,9.05559038662487e-5,9.378369905956113e-5,0.00013317526823406479
zextzure,0.009375,0.009787,0.010613399000000003
asked,9.048953974895397e-5,9.370554393305438e-5,0.0001331389842050209
nmaker,0.004265428571428572,0.004379571428571429,0.004965341528571429
mmoogaa,0.01026,0.010664,0.011436475900000001
raher,0.002820888888888889,0.0029395555555555555,0.0036680413888888893
stanks,0.006214600000000001,0.0063822,0.00707254008
geellsckaft,0.009974,0.010362,0.011009515400000001
german,9.208795811518323e-5,9.559685863874345e-5,0.00013546704387434557
cpany,0.052339,0.054095,0.05779218950000001
csmary,0.073634,0.076003,0.0796168684
ycontraon,0.101433,0.1043785,0.10897507170000001
like,8.901774530271399e-5,9.23027139874739e-5,0.00013239052442588726
co,8.573700623700624e-5,8.886278586278586e-5,0.00012859725686070687
ckurhe,0.017292,0.01798,0.0198897872
papienr,0.003615125,0.003718875,0.004298956125
eg,9.747624076029567e-5,0.00010061510031678985,0.00014149469070749734
lev,0.00386825,0.0040115,0.0047645527875
glance,9.290041928721174e-5,9.629716981132076e-5,0.00013650100775681345
pcotinentalk,0.04817,0.049851,0.051927053000000015
gazcetter,0.016634,0.017248,0.0183457909
took,8.966596858638744e-5,9.300942408376962e-5,0.00013334990293193715
havny,0.035819,0.037069,0.0397476107
brown,9.171518324607329e-5,9.501256544502619e-5,0.0001366071012565445
volumea,0.0024097777777777776,0.002499222222222222,0.002913367444444444
shelmves,0.006390600000000001,0.0065864,0.007603354980000002
eglow,0.00010248829787234043,0.00010570159574468085,0.00014642393585106382
eglonitz,9.263025210084034e-5,9.7125e-5,0.00013688173329831933
hrje,0.043091,0.0442845,0.04784902259999999
egeria,0.00299825,0.0031205,0.003813931275
sefkiang,0.025368,0.026223,0.0284370224
rar,0.0059413999999999995,0.006167199999999999,0.0070577832600000005
crlsbad,0.0023385555555555555,0.0024563333333333334,0.003196529644444445
rqarabye,0.031376,0.032381,0.03445212810000001
being,8.994560669456067e-5,9.342625523012552e-5,0.00013386596066945606
scee,0.00333875,0.0035348124999999998,0.0040493256125
death,8.985355648535565e-5,9.337552301255231e-5,0.0001330452889121339
wallenstein,0.00013028539071347677,0.00013429161947904868,0.00017491967225368064
its,9.242737722048067e-5,9.588871473354232e-5,0.00013651068913270636
nmeous,0.027568,0.02915,0.031213776300000006
gvlass,0.002314888888888889,0.0023974444444444442,0.0029384261444444443
qctries,0.052521,0.054476,0.0574021297
milsm,0.033804,0.035055,0.0382765719
ha,8.502291666666666e-5,8.838697916666667e-5,0.00012902817052083332
body,8.984414225941423e-5,9.314278242677826e-5,0.00013413620083682008
sqrkled,0.009413,0.0099465,0.010799135199999999
sqenzt,0.019709,0.020502,0.0216758891
gret,0.004646,0.004903571428571428,0.005635472342857143
tdrumphant,0.020889,0.022963,0.024271187599999997
clud,0.0023994444444444445,0.0025036666666666666,0.002923770311111111
made,8.901043841336117e-5,9.268267223382045e-5,0.0001348898300626305
precikey,0.152346,0.1558235,0.1616636148
construction,0.00010181276595744681,0.00010546595744680852,0.00014668106478723405
sentence,9.259411146161935e-5,9.740536277602524e-5,0.00013812854237644584
frenczhmmn,0.072782,0.075328,0.0782045578
rssian,0.0022853333333333337,0.0024016666666666665,0.0031458014
uncgurteous,0.0026631111111111113,0.002780777777777778,0.003533491911111111
erbs,0.003141,0.00327125,0.0039031557625
onlyd,0.0021344444444444445,0.0022528888888888885,0.0029974583888888887
remains,9.457368421052631e-5,9.86557894736842e-5,0.0001400774594736842
therefore,9.486421052631579e-5,0.00010027684210526315,0.00014176749
dmmscovr,0.009489,0.009943,0.010607097300000002
wqnted,0.001967777777777778,0.002057,0.0025815645
writes,9.223270440251572e-5,9.554979035639413e-5,0.0001347829821802935
pffrs,0.020257,0.021312499999999998,0.0232190202
eainq,0.087094,0.089097,0.0948310715
showig,0.0026993333333333335,0.002790611111111111,0.0032681003777777777
face,8.872338204592902e-5,9.216544885177452e-5,0.0001305525586638831
comes,9.152719665271967e-5,9.435721757322175e-5,0.0001328125468619247
msstaken,0.004934857142857143,0.005056142857142857,0.005727694285714286
xresoe,0.059027,0.060853,0.0634235005
doubts,9.304306722689076e-5,9.618382352941176e-5,0.00013466275472689076
bsharp,0.0020945555555555557,0.0021725555555555556,0.0025628397111111113
souno,0.00266,0.0027838333333333335,0.003477444144444445
horss,0.002666222222222222,0.0027571111111111112,0.003304610255555556
zuoofs,0.004715142857142857,0.004873,0.005724708714285715
pgrating,0.00717225,0.00735425,0.008103116724999998
hels,0.003321375,0.00344825,0.004051402199999999
curb,8.939039665970772e-5,9.268058455114822e-5,0.00013094259592901877
nollowed,0.002923222222222222,0.003011,0.0034206720000000005
ul,0.005060166666666667,0.005221666666666667,0.006115929
whjistled,0.004473,0.004627142857142857,0.005482867642857142
par,8.636420395421436e-5,8.927367325702393e-5,0.000128039619458897
yes,8.59043659043659e-5,8.870945945945946e-5,0.0001283977875259875
continued,9.491692954784437e-5,9.922818086225027e-5,0.00013871794416403787
gancing,0.004607571428571429,0.004723142857142857,0.005297168428571429
windo,0.002485111111111111,0.0025692222222222223,0.0028867104777777776
nicu,0.004080428571428572,0.004223142857142857,0.004960727199999999
bvoughawmr,0.01085,0.011358,0.012061835100000001
euties,0.0014974,0.0015741,0.0019175192899999996
unded,0.0025184444444444442,0.0026058888888888885,0.0031401388
fift,0.002655111111111111,0.0027526666666666667,0.003288318188888889
tineams,0.105836,0.108668,0.11323621760000001
apiee,0.0024154444444444445,0.002502111111111111,0.0030401583111111107
mone,0.006822600000000001,0.0071206,0.00798562982
taing,0.004329857142857143,0.004465428571428572,0.005195515071428572
ejse,0.0026154444444444445,0.0027337777777777777,0.003061121866666667
ett,0.005346333333333333,0.005512,0.006243041516666667
bit,8.567879417879418e-5,8.862785862785862e-5,0.00012797327577962578
doctor,9.234171907756814e-5,9.563574423480084e-5,0.0001350304895178197
lstvy,0.01737,0.018148,0.020236597899999997
mlost,0.0015694,0.0016389,0.0020964833500000005
boswel,0.003021125,0.0031325,0.0037058898249999997
proasu,0.121545,0.124479,0.1305815951
uinterestig,0.127176,0.1308685,0.13535243049999998
py,0.003691,0.003829375,0.0045850891875
iss,0.00011625982532751091,0.00011968340611353711,0.00016064496441048034
ldeny,0.0013847,0.0014578,0.0018237556599999998
want,8.88580375782881e-5,9.248225469728601e-5,0.00013175641482254696
beht,0.00313125,0.003260125,0.003981858337500001
sgow,0.004253428571428571,0.004385857142857143,0.005130794371428571
utdep,0.042186,0.043458,0.0469526281
tars,0.0059295,0.006176166666666667,0.00687889945
pasage,0.0026673333333333336,0.002787777777777778,0.0035116178333333336
paued,0.003043125,0.003163375,0.0038383125125
immdiately,0.0032805,0.00339925,0.0041291048
ousi,0.007366,0.00769725,0.008536866425000003
loud,8.908768267223383e-5,9.232254697286011e-5,0.00013233431356993736
authoritative,0.00010535614973262032,0.00010841122994652405,0.00014795444812834227
tap,8.599791883454734e-5,8.919406867845993e-5,0.00012892184921956296
enered,0.00721375,0.007456,0.0084951307
leps,0.00321425,0.00334175,0.003926513625
feet,8.857471264367816e-5,9.249111807732497e-5,0.00013443261755485895
inwh,0.0015117000000000002,0.001596,0.00210839361
hreigqhtd,0.063736,0.06513,0.06808331320000001
libr,0.003639625,0.0037655,0.0044323319375000015
qercsuej,0.017142,0.017688,0.018548118900000004
res,0.00710675,0.007482,0.008288495875
richr,0.0028523333333333335,0.0029774444444444445,0.0036351182666666667
richnesdsj,0.034232,0.035477,0.0369985008
eglnd,0.040517,0.041829,0.0450618012
bd,0.004416428571428571,0.004563142857142857,0.0054460935
taste,9.035251046025105e-5,9.335669456066945e-5,0.00013344086966527198
andsw,0.04511,0.046463,0.0502283701
sirakhqn,0.031149,0.031923,0.033572584999999995
slashehd,0.004022428571428572,0.004138857142857143,0.0047305354
sleeves,9.296743697478992e-5,9.628308823529411e-5,0.0001358743675420168
fronts,0.00011331161780673181,0.00011692942453854507,0.00015779007980456025
hbreasted,0.00718025,0.00737375,0.008302021699999999
cwat,0.00384625,0.003995875,0.0046368901
deep,8.893319415448852e-5,9.22713987473904e-5,0.00013190177066805845
cloak,9.115271966527195e-5,9.406328451882844e-5,0.0001343446579497908
thrown,9.203459119496856e-5,9.54538784067086e-5,0.00013590890188679245
shoudrs,0.051644,0.0544445,0.058541599500000006
gned,0.0018784000000000001,0.00197955,0.0023448769599999997
fame,9.034832635983264e-5,9.357165271966527e-5,0.00013533280020920502
txloure,0.016024,0.016671,0.017647725000000003
slk,0.0018649,0.0019510999999999999,0.00231702594
secred,0.007463,0.007633,0.008834320350000001
nemk,0.0016134,0.0016945,0.00218023587
xbrooh,0.024851,0.02583,0.027832739099999997
onsistea,0.05582,0.057606,0.0601682351
igle,0.010814,0.011495499999999999,0.012304857300000001
flaming,9.30546218487395e-5,9.66391806722689e-5,0.00013586846659663864
bdoots,0.003148625,0.003253375,0.0038960644375
exended,0.004702428571428572,0.004869714285714285,0.005864415357142857
hlfwbay,0.003388875,0.003528,0.004394666475
adves,0.005005833333333333,0.005173166666666667,0.0061836804
trimeo,0.099721,0.1021655,0.10785789250000002
tps,0.002973125,0.003092,0.0037150118875000004
furt,0.0039675,0.0041079375000000005,0.004761945050000001
cfopleted,0.038929,0.039957,0.041934778299999996
mprfpssiof,0.017191,0.017801,0.018991197799999998
baobro,0.038865,0.040272,0.0427606539
opundnzce,0.040548,0.041814,0.043780685300000004
suggested,9.667581837381204e-5,0.00010015153115100316,0.0001410653272439282
auppearancne,0.024154,0.025099,0.026440925500000004
caried,0.011283,0.0119965,0.013637089900000001
broaxd,0.0026488888888888886,0.0027766666666666664,0.0035777666888888887
brimwed,0.0029013333333333335,0.0030256666666666665,0.0037985481
ad,8.501973001038422e-5,8.80103842159917e-5,0.00012842429055036347
woe,9.7610348468849e-5,0.00010066737064413938,0.00014201350496304119
upper,9.014644351464435e-5,9.364121338912133e-5,0.00013441421338912133
xtennz,0.024518,0.025604,0.0276571506
past,8.908150470219435e-5,9.233751306165099e-5,0.0001327411117032393
lchekboxs,0.021868,0.022626,0.024122723199999998
vad,0.004227,0.004444857142857143,0.0054367423428571425
appaienwtly,0.028141,0.029275,0.0308120772
rasod,0.07453,0.076499,0.08136000780000001
lowur,0.0024008888888888886,0.0025262222222222222,0.003248359922222222
appeared,9.416701680672269e-5,9.745325630252101e-5,0.00013676529821428569
hanging,9.306302521008403e-5,9.636134453781513e-5,0.00013567814411764707
ssragh,0.0271,0.027993,0.0293954623
cyhin,0.0028212222222222224,0.0029206666666666665,0.0035749279111111113
suggestive,9.829348986125933e-5,0.00010194397011739596,0.00014152958345784418
resozlution,0.004522285714285715,0.004685714285714285,0.005639300242857142
pushd,0.0026758888888888887,0.0027881111111111114,0.003535840477777778
lengzth,0.002650777777777778,0.002782,0.003513521166666667
otstinacy,0.005619333333333333,0.005776333333333333,0.006492095883333333
harusch,0.073538,0.0756655,0.07809596849999999
voice,9.100523012552301e-5,9.401464435146444e-5,0.00013436913336820083
srojgqy,0.014502,0.0151455,0.016192609800000004
marked,9.200732984293194e-5,9.513455497382199e-5,0.00013645578858638744
accet,0.002951,0.0030705555555555555,0.0038254461333333337
uncamin,0.037575,0.039517,0.04168970199999999
pray,8.894258872651356e-5,9.210490605427975e-5,0.00013254989185803757
olleeague,0.026015,0.026783,0.0278561123
ocasgonaly,0.014465,0.015035,0.0159157537
cases,9.010251046025104e-5,9.32494769874477e-5,0.00013377668933054393
uhgm,0.015875,0.016539,0.0185179781
xhonxr,0.009138,0.009649,0.010343211799999998
cokt,0.003411875,0.003544125,0.004073180787499999
von,8.584183142559832e-5,8.895941727367326e-5,0.00013008080561914673
ramxm,0.017328,0.0182625,0.020437580599999998
noean,0.061296,0.0630855,0.06682174889999999
nderman,0.071199,0.073452,0.0773523496
jisoretin,0.028905,0.029778,0.031133364
ettemse,0.045979,0.047963,0.0498045303
eer,0.005906,0.0061586,0.00705707994
communicate,0.00010198829787234043,0.00010496595744680852,0.00014570776234042553
aone,0.0074295,0.00773625,0.008299177125
rgse,0.004772142857142857,0.004921714285714285,0.005562628942857142
caught,9.241499472016895e-5,9.586853220696937e-5,0.00013860122492080255
wrist,9.022257053291535e-5,9.343939393939393e-5,0.00013517133876698016
bttk,0.016003,0.016667,0.018592438800000003
chaim,0.003847375,0.0039879375,0.004772160237500001
none,8.927453027139874e-5,9.23830897703549e-5,0.00013289888434237998
say,8.619166666666666e-5,8.9265625e-5,0.00012976079156249999
anyttzing,0.032156,0.0331635,0.034818522000000005
sruggen,0.018436,0.019045,0.0202230105
bei,0.003318375,0.0034551875,0.0040812441375000005
incdingf,0.069667,0.0724745,0.0760032139
atoltme,0.054542,0.056825,0.0596779915
secrgcg,0.057995,0.060343,0.0628898435
years,9.037931034482759e-5,9.354754440961338e-5,0.00013588862716823406
end,8.583264033264033e-5,8.879781704781704e-5,0.00012983639584199585
pkrsent,0.063323,0.0655085,0.0687016383
weightp,0.004813714285714286,0.004943142857142857,0.005581537014285715
influence,9.814799154334039e-5,0.00010149260042283298,0.00014279321321353065
european,9.412605042016807e-5,9.746060924369749e-5,0.00013815079254201682
historyk,0.0037,0.003810875,0.0044169004
promisxe,0.010811,0.012003,0.012346954100000002
excbe,0.025664,0.026686,0.028956124999999996
stracxnge,0.107912,0.1109145,0.1161495992
augysd,0.0023532222222222223,0.0024743333333333336,0.003223631044444444
persn,0.0033905,0.00353575,0.0043096029625
empmosd,0.033035,0.034021,0.0357677881
wises,0.00371275,0.00384025,0.004619861974999999
aet,8.582952182952182e-5,8.903898128898129e-5,0.0001307375467775468
nknow,0.0014129000000000001,0.001489,0.0018563635599999997
onfes,0.0027752222222222223,0.0028967777777777776,0.0036583295000000007
once,8.900417972831767e-5,9.234273772204807e-5,0.00013434809007314527
callvd,0.003557625,0.003708375,0.004615590975
eixcdtly,0.019426,0.020053,0.0210254907
aware,8.961820083682008e-5,9.329968619246863e-5,0.0001350118273012552
dry,8.713333333333334e-5,9.021875e-5,0.00013223211614583335
ciyrumstances,0.008973,0.009631,0.0106755833
decacw,0.040443,0.0419415,0.0444929671
precaution,9.879175475687103e-5,0.00010213530655391121,0.00014403734608879493
takn,0.0027982222222222223,0.0029236666666666664,0.003365583133333333
quench,9.166596858638743e-5,9.494764397905759e-5,0.00013721134020942407
grow,9.006583072100313e-5,9.323667711598747e-5,0.00013556774514106583
seriously,9.724446786090622e-5,0.00010053371970495258,0.00014260655500526872
comproomutse,0.05913,0.0617515,0.0649766843
famiclies,0.00369,0.00383125,0.0046280609875
speak,9.225523012552301e-5,9.52029288702929e-5,0.00013697544466527195
lanly,0.0011385999999999998,0.0012109,0.0015733165200000003
impicates,0.0065856000000000005,0.0067899,0.00788382948
hvuse,0.0015912,0.0016738,0.00213922842
ormsqpek,0.014716,0.01531,0.0161707803
redotary,0.070978,0.072821,0.0760161159
kings,9.047698744769874e-5,9.350575313807531e-5,0.00013673252531380751
muzmurd,0.00782675,0.00809175,0.008991370975
settlinpg,0.0024817777777777776,0.0025724444444444445,0.0030145591444444447
closing,9.437434279705573e-5,9.751524710830705e-5,0.00014043889652996845
gancerd,0.097865,0.0998025,0.1051086984
appnt,0.039954,0.041348,0.0448355149
surrise,0.0059834,0.006154099999999999,0.0070124685599999995
layngid,0.048343,0.05024,0.0521998618
ljouunming,0.006919,0.0071477,0.00824153648
dpicuted,0.038325,0.0394245,0.0411079651
wnciqsive,0.0078125,0.00806875,0.0089285934
enwergtic,0.069052,0.073569,0.07799903970000001
xlowly,0.0015057,0.0015808,0.00205471473
rekpewned,0.070276,0.0724135,0.07599234269999999
impaienty,0.061404,0.0636615,0.0666975447
ggac,0.013942,0.014623,0.0165868097
maygty,0.021561,0.022532,0.0245102214
cndeced,0.073994,0.0762215,0.07999047550000002
state,9.006583072100313e-5,9.329414838035526e-5,0.00013527883709508884
le,8.478378378378378e-5,8.809199584199584e-5,0.00012931580790020788
adeipej,0.057598,0.05989,0.0628031183
sprgm,0.021986,0.022951,0.0249900448
pacedp,0.004701285714285714,0.004828428571428571,0.0054211555571428574
uncontrollable,0.00010508644610458912,0.00010825880469583779,0.00015085185389541086
gitton,0.02429,0.0253035,0.027511226100000005
gxesturew,0.020086,0.020847,0.022012047099999998
desperation,0.00010040402969247084,0.00010400053022269353,0.0001468826773064687
zurd,0.019586,0.0203415,0.0227932296
grocnd,0.00325975,0.003403875,0.004181553275
criedm,0.003831,0.003952125,0.0044842943
kig,0.0027405555555555555,0.002858,0.003535375055555555
